d+SAD,Weekly B,Weekly n,"Weekly 
Shield",+2HVL,Inst B,Inst n,"inst 
Shield"
7.32,0.00002,4.63459,1.75480,1.98900,2.0296363636363637e-10,9.69258,3.62626
7.32,0.00002,4.63459,1.75480,1.98900,2.0296363636363637e-10,9.69258,3.62626
