d+SAD,Weekly B,Weekly n,"Weekly 
Shield",+2HVL,Inst B,Inst n,"inst 
Shield"
7.32,0.00002,4.63459,1.75480,1.98900,2.0296363636363637e-10,9.69258,3.62626
7.32,0.00002,4.63459,1.75480,1.98900,2.0296363636363637e-10,9.69258,3.62626
7.62,0.00002,4.69512,1.77719,2.01140,2.199409090909091e-10,9.65769,3.61335
